longer_time,name
5286953,Occupation / Precipice
5088838,Through a Looking Glass
2960293,"Greetings from Earth, Pt. 1"
2956998,The Man With Nine Lives
2956081,"Battlestar Galactica, Pt. 2"
2952702,"Battlestar Galactica, Pt. 1"
2935894,Murder On the Rising Star
2927802,"Battlestar Galactica, Pt. 3"
2927677,Take the Celestra
2926593,Fire In Space
2925008,The Long Patrol
2924716,The Magnificent Warriors
2924507,"The Living Legend, Pt. 1"
2924341,"The Gun On Ice Planet Zero, Pt. 2"
2924007,The Hand of God
2923548,Experiment In Terra
2923381,"War of the Gods, Pt. 2"
2923298,"The Living Legend, Pt. 2"
2922630,"War of the Gods, Pt. 1"
2922547,"Lost Planet of the Gods, Pt. 1"
2922088,Baltar's Escape
2920045,The Lost Warrior
2914664,"Lost Planet of the Gods, Pt. 2"
2907615,"The Gun On Ice Planet Zero, Pt. 1"
2903778,"Greetings from Earth, Pt. 2"
2869953,"Crossroads, Pt. 2"
2863571,The Young Lords
2825166,Dave
2782333,?
2780416,Maternity Leave
2763666,Three Minutes
2713755,Hero
2698791,One of Them
2687103,How to Stop an Exploding Man
2679583,The Long Con
2656531,"Live Together, Die Alone, Pt. 2"
2639541,S.O.S.
2638096,One of Us
2637637,The Man from Tallahassee
2637500,The Cost of Living
2637458,The Glass Ballerina
2637387,Every Man for Himself
2637345,Not In Portland
2637303,Not In Portland
2636970,A Tale of Two Cities
2636636,Flashes Before Your Eyes
2636428,Stranger In a Strange Land
2635343,Left Behind
2635010,Tricia Tanaka Is Dead
2632590,Lost Survival Guide
2631327,The Moth
2631291,Torn
2629879,Par Avion
2629796,Enter 77
2627961,Dirty Hands
2627791,I Do
2627105,Tabula Rasa
2626626,Collaborators
2626376,The Woman King
2624541,Rapture
2624207,Taking a Break from All Your Worries
2623875,The Passage
2622622,"Crossroads, Pt. 1"
2622372,Maelstrom
2622250,Battlestar Galactica: The Story So Far
2622038,Unfinished Business
2621830,The Son Also Rises
2621708,"Exodus, Pt. 1"
2620747,Exodus (Part 1)
2620245,A Day In the Life
2619887,Outlaws
2619869,Exodus (Part 3) [Season Finale]
2619462,Hearts and Minds
2618750,The Eye of Jupiter
2618619,Born to Run
2618530,Special
2618487,Do No Harm
2618000,"Exodus, Pt. 2"
2617784,The Greater Good
2617325,The Brig
2617117,Greatest Hits
2617117,"Through the Looking Glass, Pt. 2"
2616410,Whatever the Case May Be
2616032,D.O.C.
2615990,The Man Behind the Curtain
2615244,Confidence Man
2613988,Seven Minutes to Midnight
2612894,Solitary
2612779,Something Nice Back Home
2612250,"Man of Science, Man of Faith (Premiere)"
2612028,Cabin Fever
2612028,Meet Kevin Johnson
2611986,Confirmed Dead
2611986,Genesis
2611903,The Beginning of the End
2611569,The Constant
2611333,The Hunting Party
2610958,Two for the Road
2610860,"Through the Looking Glass, Pt. 1"
2610625,The Other 48 Days
2610416,The 23rd Psalm
2610250,Lockdown
2610250,What Kate Did
2610125,The Whole Truth
2609772,Numbers
2609526,"There's No Place Like Home, Pt. 1"
2609192,Everybody Hates Hugo
2609083,Orientation
2609025,The Economist
2608817,Eggtown
2607649,One Giant Leap
2605647,Nothing to Hide
2605557,Exodus (Part 2) [Season Finale]
2605480,Collision
2605021,The Other Woman
2604575,...In Translation
2602852,Six Months Ago
2602727,Parasite
2602602,Run!
2601351,Homecoming
2601226,Company Man
2601101,Company Man
2601017,The Hard Part
2600725,Landslide
2600333,Fire + Water
2600266,The Fix
2598139,Unexpected
2594761,Fallout
2593760,Exposé
2591299,The Shape of Things to Come
2590459,Raised By Another
2590382,Distractions
2590032,House of the Rising Sun
2588797,Ji Yeon
2587712,Five Years Gone
2587370,Walkabout
2587041,Abandoned
2585794,0.07%
2582957,"There's No Place Like Home, Pt. 3"
2582009,Deus Ex Machina
2573031,Better Halves
2571965,White Rabbit
2571154,Don't Look Back
2564958,Adrift
2564916,Collision
2563980,Further Instructions
2563938,A Measure of Salvation
2563833,...And Found
2561394,Catch-22
2555492,All the Best Cowboys Have Daddy Issues
2548875,"Lost (Pilot, Part 1) [premiere]"
2541875,The Job
2533575,Hiros
2519436,"A Benihana Christmas, Pts. 1 & 2"
2515882,Homecoming
2497956,"There's No Place Like Home, Pt. 2"
2492867,"Past, Present, and Future"
2484567,Pilot
2478041,"Live Together, Die Alone, Pt. 1"
2436583,"Lost (Pilot, Part 2)"
1822781,Branch Closing
1814855,Branch Closing
1801926,The Merger
1767851,The Negotiation
1732649,Women's Appreciation
1712791,Casino Night - Season Finale
1705080,The Return
1700241,Producer's Cut: The Return
1676134,Beach Games
1612329,Dazed And Confused
1380833,The Office: An American Workplace (Pilot)
1328870,Email Surveillance
1326534,Gay Witch Hunt
1325458,Hot Girl
1323541,Basketball
1321791,Health Care
1320028,The Fight
1317125,The Alliance
1315333,Halloween
1306416,Diversity Day
1302093,Business School
1299341,The Client
1297213,The Convention
1294541,Sexual Harassment
1292458,Performance Review
1290458,Office Olympics
1289039,Traveling Salesmen
1288166,The Fire
1282615,Grief Counseling
1282115,Christmas Party
1280113,The Initiation
1279904,Diwali
1278625,Drug Testing
1278333,Boys and Girls
1278041,Dwight's Speech
1276526,The Coup
1275275,The Injury
1274583,Conflict Resolution
1273064,The Convict
1272522,Cocktails
1271938,Ben Franklin
1271688,Back from Vacation
1271521,Phyllis's Wedding
1271229,Safety Training
1270375,Valentine's Day
1268333,Take Your Daughter to Work Day
1268268,Product Recall
1267958,Booze Cruise
1264875,The Secret
1264375,The Carpet
1253541,The Dundies
1237791,Michael's Birthday
1196094,Space Truckin'
1116734,Dazed And Confused
1070027,We've Got To Get Together/Jingo
934791,Funky Piano
913658,Going Down / Highway Star
907520,My Funny Valentine (Live)
882834,Santana Jam
880640,The Sun Road
863895,Whole Lotta Love
854700,Mistreated (Alternate Version)
850259,Just Ain't Good Enough
843964,Miles Runs The Voodoo Down
825103,Whole Lotta Love (Medley)
816509,Rime of the Ancient Mariner
807392,Walkin'
804101,You Fool No One
789472,Rime Of The Ancient Mariner
766354,Moby Dick
763924,You Fool No One (Alternate Version)
758648,Mistreated
749897,No Quarter
747755,The Calling
713534,El Corazon Manda
711836,How Many More Times
701831,The End
678008,Sign Of The Cross
677694,Advance Romance
672773,Reach Down
671712,Mercyful Fate
667428,Xanadu
666017,In My Time Of Dying
664894,I Heard It Through The Grapevine
663426,Amy Amy Amy (Outro)
659226,Outbreak
657293,Stairway To Heaven
649116,Sign Of The Cross
644571,Sleeping Village
638563,Fried Neckbones And Home Fries
634435,Carouselambra
628062,La Puesta Del Sol
625502,Achilles Last Stand
620460,Child In Time
619467,You Shook Me(2)
618344,The Way You Do To Mer
618031,Smoke On The Water
616829,Revolution 1993
616511,Coma
602880,Child In Time (Son Of Aleric - Instrumental)
596519,"Adagio for Strings from the String Quartet, Op. 11"
593580,Seventh Son of a Seventh Son
592953,Jingo
592744,The Angel And The Gambler
591986,All I Want Is You
589531,Talkin' 'Bout Women Obviously
588721,The Outlaw Torn
588564,To Live Is To Die
585769,...And Justice For All
583366,Book of Hours
582086,Stratus
582029,"The Messiah: Behold, I Tell You a Mystery... The Trumpet Shall Sound"
578324,Dream Of Mirrors
577488,La Villa Strangiato
569704,Blind Curve: Vocal Under A Bloodlight / Passing Strangers / Mylo / Perimeter Walk / Threshold
567494,"Symphony No. 3 Op. 36 for Orchestra and Soprano ""Symfonia Piesni Zalosnych"" \ Lento E Largo - Tranquillissimo"
566752,Tea For One
564893,For the Greater Good of God
564009,So What
563800,Estranged
562966,The Legacy
561967,"Symphonie Fantastique, Op. 14: V. Songe d'une nuit du sabbat"
561162,Dream Of Mirrors
560342,"Concerto for Piano No. 2 in F Minor, Op. 21: II. Larghetto"
559203,The Clansman
558602,Homecoming / The Death Of St. Jimmy / East 12th St. / Nobody Likes You / Rock And Roll Girlfriend / We're Coming Home Again
555075,No More Tears
552308,Iron Man/Children of the Grave
549093,Falling in Circles
548336,Jesus Of Suburbia / City Of The Damned / I Don't Care / Dearly Beloved / Tales Of Another Broken Home
546115,The Nomad
546063,Release
545750,Tuesday's Gone
545203,"Scheherazade, Op. 35: I. The Sea and Sindbad's Ship"
544078,Someday My Prince Will Come
543007,Faroeste Caboclo
539689,The Clansman
537540,November Rain
534883,The Call Of Ktulu
529841,Chaos-Control
529684,Just Another Story
529658,Stairway To Heaven
528692,Riviera Paradise
528666,She Wears Black
527986,All Within My Hands
526785,In The Light
526696,On the Beautiful Blue Danube
526471,Black Light Syndrome
526255,Brighter Than a Thousand Suns
526132,Whistle Stop
522396,Locomotive
522099,"Jupiter, the Bringer of Jollity"
519888,By-Tor And The Snow Dog
518556,A E O Z
516649,Dance Of Death
515631,Alexander the Great
515435,War Pigs
515239,Master Of Puppets
514612,Year to the Day
513750,Won't Get Fooled Again (Full Length Version)
513541,Dark Corners
512339,Blow Your Mind
510197,Invisible Kid
509413,The Alchemist
508604,Kashmir
508107,Paschendale
508055,How Many More Times
506801,The Thin Line Between Love & Hate
505991,Where The River Goes
505808,Rain Song
505626,Some Kind Of Monster
505521,Title Song
501503,"Miserere mei, Deus"
500427,Fools
500062,Orion
497998,Bleeding Me
497163,LOST In 8:15
496718,Disposable Heroes
496692,Sir Psycho Sexy
496065,Fixxxer
494602,Iron Maiden
494524,Wheels Of Confusion / The Straightener
494393,Book Of Thel
493635,The Real Thing
493573,"Concerto for Violin, Strings and Continuo in G Major, Op. 3, No. 9: I. Allegro"
491885,You Oughta Know (Alternate)
490422,The Unbeliever
487392,Petits Machins (Little Stuff)
485720,Steal Away (The Night)
483657,Don't Look To The Eyes Of A Stranger
483133,"Concerto for Cello and Orchestra in E minor, Op. 85: I. Adagio - Moderato"
482429,Terra
481619,Stairway To Heaven
479242,Out Of Control
478302,Flight Of The Rat
478145,The Evil That Men Do
476003,Bye Bye Blackbird
475402,Evil Ways
474017,Running Free
473495,Nefertiti
473391,Aeroplane Flies High
472920,Old Love
472764,Loverman
471849,Hallowed Be Thy Name
470256,Am I Evil?
469968,Come Back
467810,The Longest Day
467069,Suicide Solution (With Guitar Solo)
464770,War Pigs
464378,Smoke On The Water
464039,The Frayed Ends Of Sanity
462837,Once
461165,Civil War
461035,Us And Them
460695,Fear Of The Dark
459990,Wiser Time
459180,The Rain Song
457639,Low Man's Lyric
456071,Snoopy's search-Red baron
454974,Powerslave
453955,Burn
452519,País Tropical
451840,Sometimes I Feel Like Screaming
451422,Hallowed Be Thy Name
448574,Heaven Can Wait
447791,Hallowed Be Thy Name
447582,Duende
446484,One
445779,Caught Somewhere in Time
445283,To Tame A Land
444614,Lord of Light
444358,No More Tears
444055,Since I've Been Loving You
443977,Fortunes Of War
443977,Hallowed Be Thy Name
442106,The Reincarnation of Benjamin Breeg
442096,Lazy
441782,No More Lies
441417,Heaven Can Wait
441234,St. Anger
441155,Phantom Of The Opera
440555,Heaven Can Wait
439510,River Song
437968,Leave
436976,Fear Of The Dark
436636,Sozinho (Hitmakers Classic Mix)
436453,Master Of Puppets
435513,Blood Brothers
434442,Blood Brothers
433397,Stone Crazy
433188,The Four Horsemen
431542,Fear Of The Dark
431333,Fear Of The Dark
431262,Hallowed Be Thy Name (Live) [Non Album Bonus Track]
431203,Hard Lovin' Man
430942,Victim Of Change (Live)
430733,Layla
430210,Shoot Me Again
429479,The Unnamed Feeling
428669,Hallowed Be Thy Name
428643,Inside Job
428329,Light My Fire
428016,05 - Phantom of the Opera
427702,When The Levee Breaks
427023,Journeyman
425195,Time
424960,Breakdown
424829,Knocking At Your Back Door
423653,Otay
422321,Scam
421982,Voce Nao Entende Nada - Cotidiano
421093,A Bencao E Outros
420493,No Quarter
420022,Snowblind
418324,Lemon
418293,Rehab (Hot Chip Remix)
418168,Phantom Of The Opera
416496,Afraid To Shoot Strangers
416365,Since I've Been Loving You
415817,Seek & Destroy
415712,Black
414902,No No No
414824,Fade To Black
414474,Four Walled World
414380,Where The Wild Things Are
413910,Norwegian Wood
412525,Afraid To Shoot Strangers
412152,These Colours Don't Run
412000,"Wellington's Victory or the Battle Symphony, Op.91: 2. Symphony of Triumph"
410566,In The Evening
410409,Se Liga
410070,Ghost Of The Navigator
409965,Samba Da Bênção
409906,You Sent Me Flying / Cherry
409547,My Friend Of Misery
408607,Ghost Of The Navigator
408607,Revelations
408163,Down by the Sea
407980,Afraid To Shoot Strangers
407823,Powerslave
407484,Daughter
406347,Paradise City
406000,"Karelia Suite, Op.11: 2. Ballade (Tempo Di Menuetto)"
405028,Blue Train
404767,The Educated Fool
404688,Girl From A Pawnshop
404453,Third Stone From The Sun
404323,Computadores Fazem Arte
404323,Wherever I May Roam
403435,The Small Hours
403382,Blackened
402390,Jerusalem
401920,Dazed and Confused
401475,Babe I'm Gonna Leave You
401319,Terra
399986,Soot & Stars
399333,The Edge Of Darkness
398942,The House Jack Built
398341,Jizzlobber
398315,Helpless
398262,Thank You
398210,Still Of The Night
397740,Ride The Lightning
397531,Astronomy
396878,Creeping Death
396460,Deep Waters
396303,Save Me (Remix)
396199,The Thing That Should Not Be
395859,King For A Day
395572,22 Acacia Avenue
395520,The Unforgiven II
395389,The Shortest Straw
394482,"Concerto for Clarinet in A Major, K. 622: II. Adagio"
393691,Wicked Ways
